{"cameraMode":{"drawMode":0,"name":"Shaded","section":"Shading Mode"},"sceneLighting":false,"audioPlay":false,"sceneViewState":{"m_AlwaysRefresh":false,"showFog":true,"showSkybox":false,"showFlares":true,"showImageEffects":true,"showParticleSystems":true,"showVisualEffectGraphs":true,"m_FxEnabled":true},"in2DMode":false,"pivot":{"x":-0.015156075358390808,"y":-0.457104355096817,"z":4.158009052276611},"rotation":{"x":0.2478477656841278,"y":0.08271198719739914,"z":-0.021239472553133966,"w":0.9650227427482605},"size":2.6229755878448488,"orthographic":false}